ts,agent_id,throttle,steer,brake
29950,0,0.8999999761581421,0.009532076306641102,0.0
29951,0,0.8999999761581421,0.00624409643933177,0.0
29952,0,0.8999999761581421,0.006682914216071367,0.0
29953,0,0.8999999761581421,0.006370863411575556,0.0
29954,0,0.8999999761581421,0.0069997552782297134,0.0
29955,0,0.8999999761581421,0.0061869011260569096,0.0
29956,0,0.8999999761581421,0.004338896367698908,0.0
29957,0,0.8999999761581421,0.005420837551355362,0.0
29958,0,0.8999999761581421,0.004853724967688322,0.0
29959,0,0.8999999761581421,0.005835772026330233,0.0
29960,0,0.8999999761581421,0.0062906378880143166,0.0
29961,0,0.8999999761581421,0.006234920118004084,0.0
29962,0,0.8999999761581421,0.006185220088809729,0.0
29963,0,0.8999999761581421,0.00580730102956295,0.0
29964,0,0.8999999761581421,0.005977932829409838,0.0
29965,0,0.8999999761581421,0.006099490914493799,0.0
29966,0,0.8999999761581421,0.005833738949149847,0.0
29967,0,0.8999999761581421,0.00531409215182066,0.0
29968,0,0.8999999761581421,0.005201319698244333,0.0
29969,0,0.8999999761581421,0.004685606807470322,0.0
29970,0,0.8999999761581421,0.004564702045172453,0.0
29971,0,0.8999999761581421,0.0045876214280724525,0.0
29972,0,0.8999999761581421,0.004558955319225788,0.0
29973,0,0.8999999761581421,0.004239313304424286,0.0
29974,0,0.8999999761581421,0.002993015106767416,0.0
29975,0,0.8999999761581421,0.0041849953122437,0.0
29976,0,0.8999999761581421,0.004056458827108145,0.0
29977,0,0.8999999761581421,0.004147347062826157,0.0
29978,0,0.8999999761581421,0.004125859588384628,0.0
29979,0,0.8999999761581421,0.0040069883689284325,0.0
29980,0,0.8999999761581421,0.004194993060082197,0.0
29981,0,0.8999999761581421,0.003958791960030794,0.0
29982,0,0.8999999761581421,0.003946209326386452,0.0
29983,0,0.8999999761581421,0.0038807757664471865,0.0
29984,0,0.8999999761581421,0.004018362145870924,0.0
29985,0,0.8999999761581421,0.0038489701692014933,0.0
29986,0,0.8999999761581421,0.0038253343664109707,0.0
29987,0,0.8999999761581421,0.0036461197305470705,0.0
29988,0,0.8999999761581421,0.00386753398925066,0.0
29989,0,0.8999999761581421,0.003867813851684332,0.0
29990,0,0.8999999761581421,0.0037082007620483637,0.0
29991,0,0.8999999761581421,0.0035123336128890514,0.0
29992,0,0.8999999761581421,0.003465948160737753,0.0
29993,0,0.8999999761581421,0.0033924796152859926,0.0
29994,0,0.8999999761581421,0.003354631830006838,0.0
29995,0,0.8999999761581421,0.003309299238026142,0.0
29996,0,0.8999999761581421,0.0031901949550956488,0.0
29997,0,0.8999999761581421,0.0031409692019224167,0.0
29998,0,0.8999999761581421,0.003519244957715273,0.0
29999,0,0.8999999761581421,0.0030813999474048615,0.0
30000,0,0.8999999761581421,0.0029462461825460196,0.0
30001,0,0.8999999761581421,0.003021644428372383,0.0
30002,0,0.8999999761581421,0.0029573964420706034,0.0
30003,0,0.8999999761581421,0.0027851006016135216,0.0
30004,0,0.8999999761581421,0.002816055668517947,0.0
30005,0,0.8999999761581421,0.0026708273217082024,0.0
30006,0,0.8999999761581421,0.0028986597899347544,0.0
30007,0,0.8999999761581421,0.0025892378762364388,0.0
30008,0,0.8999999761581421,0.0027453789953142405,0.0
30009,0,0.8999999761581421,0.003046036697924137,0.0
30010,0,0.8999999761581421,0.0023772744461894035,0.0
30011,0,0.8999999761581421,0.002459203824400902,0.0
30012,0,0.8999999761581421,0.0025797055568546057,0.0
30013,0,0.8999999761581421,0.0024342224933207035,0.0
30014,0,0.8999999761581421,0.0026334761641919613,0.0
30015,0,0.8999999761581421,0.0024026669561862946,0.0
30016,0,0.8999999761581421,0.00251834187656641,0.0
30017,0,0.8999999761581421,0.0024134842678904533,0.0
30018,0,0.8999999761581421,0.0022847552318125963,0.0
30019,0,0.8999999761581421,0.002471072832122445,0.0
30020,0,0.8999999761581421,0.002441727090626955,0.0
30021,0,0.8999999761581421,0.002094804774969816,0.0
30022,0,0.8999999761581421,0.0024716078769415617,0.0
30023,0,0.8999999761581421,0.0021365187130868435,0.0
30024,0,0.8999999761581421,0.0021489739883691072,0.0
30025,0,0.8999999761581421,0.0022588204592466354,0.0
30026,0,0.8999999761581421,0.002152602421119809,0.0
30027,0,0.8999999761581421,0.0020685854833573103,0.0
30028,0,0.8999999761581421,0.0024187620729207993,0.0
30029,0,0.8999999761581421,0.00212486763484776,0.0
30030,0,0.8999999761581421,0.002382142236456275,0.0
30031,0,0.8999999761581421,0.002075216267257929,0.0
30032,0,0.8999999761581421,0.0021253342274576426,0.0
30033,0,0.8999999761581421,0.0019084729719907045,0.0
30034,0,0.8999999761581421,0.0021827833261340857,0.0
30035,0,0.8999999761581421,0.002177403075620532,0.0
30036,0,0.8999999761581421,0.0022995127364993095,0.0
30037,0,0.8999999761581421,0.002241468755528331,0.0
30038,0,0.8999999761581421,0.0021166400983929634,0.0
30039,0,0.8999999761581421,0.0021071815863251686,0.0
30040,0,0.8999999761581421,0.002294856822118163,0.0
30041,0,0.8999999761581421,0.00221669371239841,0.0
30042,0,0.8999999761581421,0.0021235940512269735,0.0
30043,0,0.8999999761581421,0.002156041795387864,0.0
30044,0,0.8999999761581421,0.0019660387188196182,0.0
30045,0,0.8999999761581421,0.0018999523017555475,0.0
30046,0,0.8999999761581421,0.0022860458120703697,0.0
30047,0,0.8999999761581421,0.0021950206719338894,0.0
30048,0,0.8999999761581421,0.002526750322431326,0.0
30049,0,0.8999999761581421,0.002522975206375122,0.0
30050,0,0.8999999761581421,0.0027927220799028873,0.0
30051,0,0.8999999761581421,0.002796033164486289,0.0
30052,0,0.8999999761581421,0.002801359398290515,0.0
30053,0,0.8999999761581421,0.0028905589133501053,0.0
30054,0,0.8999999761581421,0.002966861939057708,0.0
30055,0,0.8999999761581421,0.00271569169126451,0.0
30056,0,0.8999999761581421,0.002744017168879509,0.0
30057,0,0.8999999761581421,0.002937459386885166,0.0
30058,0,0.8999999761581421,0.002306574722751975,0.0
30059,0,0.8999999761581421,0.0025700137484818697,0.0
30060,0,0.8999999761581421,0.00242728553712368,0.0
30061,0,0.8999999761581421,0.0023171885404735804,0.0
30062,0,0.8999999761581421,0.0023317369632422924,0.0
30063,0,0.8999999761581421,0.002494834829121828,0.0
30064,0,0.8999999761581421,0.0022317401599138975,0.0
30065,0,0.8999999761581421,0.0023948748130351305,0.0
30066,0,0.8999999761581421,0.002103806473314762,0.0
30067,0,0.8999999761581421,0.0019267394673079252,0.0
30068,0,0.8999999761581421,0.00202190107665956,0.0
30069,0,0.8999999761581421,0.0019404980121180415,0.0
30070,0,0.8999999761581421,0.0015034242533147335,0.0
30071,0,0.8999999761581421,0.00036204414209350944,0.0
30072,0,0.8999999761581421,0.0004880611377302557,0.0
30073,0,0.8999999761581421,0.0004010601551271975,0.0
30074,0,0.8999999761581421,0.0005330720450729132,0.0
30075,0,0.8999999761581421,-1.3660380318469834e-05,0.0
30076,0,0.8999999761581421,-0.0003831906942650676,0.0
30077,0,0.8999999761581421,0.00027972471434623003,0.0
30078,0,0.8999999761581421,0.0007572530885227025,0.0
30079,0,0.8999999761581421,0.00019597662321757525,0.0
30080,0,0.8999999761581421,-0.000388913817005232,0.0
30081,0,0.8999999761581421,-0.0004909796407446265,0.0
30082,0,0.8999999761581421,0.00016682309797033668,0.0
30083,0,0.8999999761581421,0.0001879810297396034,0.0
30084,0,0.8999999761581421,0.000343034858815372,0.0
30085,0,0.8999999761581421,0.000772574101574719,0.0
30086,0,0.8999999761581421,0.0012464042520150542,0.0
30087,0,0.8999999761581421,0.0011861860984936357,0.0
30088,0,0.8999999761581421,0.0007485417881980538,0.0
30089,0,0.8999999761581421,-0.00012238418275956064,0.0
30090,0,0.8999999761581421,0.00025879585882648826,0.0
30091,0,0.8999999761581421,-0.0005373139283619821,0.0
30092,0,0.8999999761581421,0.000943745719268918,0.0
30093,0,0.8999999761581421,0.002926645101979375,0.0
30094,0,0.8999999761581421,0.002560290740802884,0.0
30095,0,0.8999999761581421,0.003295277478173375,0.0
30096,0,0.8999999761581421,0.0019613897893577814,0.0
30097,0,0.8999999761581421,0.0016521316720172763,0.0
30098,0,0.8999999761581421,0.0023097991943359375,0.0
30099,0,0.8999999761581421,0.002381880534812808,0.0
30100,0,0.863254189491272,0.0020483580883592367,0.0
30101,0,0.8999999761581421,0.002489447360858321,0.0
30102,0,0.8999999761581421,0.0023365351371467113,0.0
30103,0,0.8999999761581421,0.0015068891225382686,0.0
30104,0,0.8999999761581421,0.0014623847091570497,0.0
30105,0,0.8999999761581421,0.0016314077656716108,0.0
30106,0,0.8999999761581421,0.0013711348874494433,0.0
30107,0,0.8999999761581421,0.0009866150794550776,0.0
30108,0,0.8999999761581421,0.0008313435828313231,0.0
30109,0,0.8999999761581421,0.000655598531011492,0.0
30110,0,0.8999999761581421,0.00030309389694593847,0.0
30111,0,0.8999999761581421,-0.001514282776042819,0.0
30112,0,0.8999999761581421,-0.003155267098918557,0.0
30113,0,0.8999999761581421,-0.0033665618393570185,0.0
30114,0,0.8999999761581421,-0.002328521106392145,0.0
30115,0,0.8999999761581421,-0.002323836786672473,0.0
30116,0,0.8999999761581421,-0.002291494281962514,0.0
30117,0,0.8999999761581421,-0.0024793758057057858,0.0
30118,0,0.8999999761581421,-0.0038027719128876925,0.0
30119,0,0.8999999761581421,-0.0035278652794659138,0.0
30120,0,0.8999999761581421,-0.0037142441142350435,0.0
30121,0,0.8999999761581421,-0.003057206980884075,0.0
30122,0,0.8999999761581421,-0.002874051220715046,0.0
30123,0,0.8999999761581421,-0.003368206787854433,0.0
30124,0,0.8999999761581421,-0.001983075635507703,0.0
30125,0,0.8999999761581421,-0.002387035870924592,0.0
30126,0,0.8999999761581421,-0.002224632538855076,0.0
30127,0,0.8999999761581421,-0.002859177067875862,0.0
30128,0,0.7690147161483765,-0.0015197355533018708,0.0
30129,0,0.7801473736763,0.001128273201175034,0.0
30130,0,0.7197129726409912,0.001855146256275475,0.0
30131,0,0.644656777381897,0.0017336072633042932,0.0
30132,0,0.5638244152069092,0.00133139593526721,0.0
30133,0,0.5496664047241211,0.0017849233699962497,0.0
30134,0,0.5324563384056091,0.0015734151238575578,0.0
30135,0,0.3845060169696808,0.0018429344054311514,0.0
30136,0,0.3010990619659424,0.0024394120555371046,0.0
30137,0,0.3055454194545746,0.002226347103714943,0.0
30138,0,0.30266860127449036,0.0011260334867984056,0.0
30139,0,0.29755547642707825,-0.00019404709746595472,0.0
30140,0,0.2956545948982239,-7.136126441764645e-06,0.0
30141,0,0.28882870078086853,-0.0009096944122575223,0.0
30142,0,0.28083962202072144,-0.0006221419898793101,0.0
30143,0,0.27187785506248474,-0.0006669707945547998,0.0
30144,0,0.2629571557044983,-0.0011681061005219817,0.0
30145,0,0.25409334897994995,-0.003384902374818921,0.0
30146,0,0.24495993554592133,-0.004389492329210043,0.0
30147,0,0.2356215864419937,-0.004349767696112394,0.0
30148,0,0.3554046154022217,-0.0037870651576668024,0.0
30149,0,0.3130358159542084,-0.003736187471076846,0.0
30150,0,0.46301326155662537,-0.004933699034154415,0.0
30151,0,0.4673244059085846,-0.004885688424110413,0.0
30152,0,0.5331692695617676,-0.0054872301407158375,0.0
30153,0,0.548686146736145,-0.00479937344789505,0.0
30154,0,0.5540575385093689,-0.004573638550937176,0.0
30155,0,0.5586945414543152,-0.003992835991084576,0.0
30156,0,0.5459814071655273,-0.004063212778419256,0.0
30157,0,0.522152304649353,-0.0029405131936073303,0.0
30158,0,0.5216531157493591,-0.003539210418239236,0.0
30159,0,0.5051288604736328,-0.0034262321423739195,0.0
30160,0,0.4257745146751404,-0.002536237007007003,0.0
30161,0,0.46096718311309814,-0.0005229563103057444,0.0
30162,0,0.38311949372291565,0.0014252214459702373,0.0
30163,0,0.32064124941825867,0.0023497301153838634,0.0
30164,0,0.41548043489456177,0.0028466421645134687,0.0
30165,0,0.4583197832107544,0.002425262238830328,0.0
30166,0,0.5225456953048706,0.0012691885931417346,0.0
30167,0,0.5236666202545166,0.0006972613045945764,0.0
30168,0,0.539080023765564,0.0017802589572966099,0.0
30169,0,0.5501319766044617,0.001962814247235656,0.0
30170,0,0.5541335344314575,0.0019448465900495648,0.0
30171,0,0.5410658717155457,0.0016792347887530923,0.0
30172,0,0.5487580895423889,0.0017991415224969387,0.0
30173,0,0.5437867045402527,0.0020557346288114786,0.0
30174,0,0.5510039329528809,0.001674527651630342,0.0
30175,0,0.5305389165878296,0.0015955648850649595,0.0
30176,0,0.5185486674308777,0.0010610998142510653,0.0
30177,0,0.5973506569862366,0.0007425069925375283,0.0
30178,0,0.6006763577461243,-0.0015073829563334584,0.0
30179,0,0.6071157455444336,-0.0016146211419254541,0.0
30180,0,0.6000382304191589,-0.001331061590462923,0.0
30181,0,0.6226081848144531,-0.0016802564496174455,0.0
30182,0,0.6236935257911682,-0.0019900454208254814,0.0
30183,0,0.5659734010696411,-0.00214442890137434,0.0
30184,0,0.5809513926506042,-0.00287015363574028,0.0
30185,0,0.5804303884506226,-0.0027763836551457644,0.0
30186,0,0.5843472480773926,-0.0031533120200037956,0.0
30187,0,0.5543103814125061,-0.0032850492279976606,0.0
30188,0,0.5751002430915833,-0.0021521258167922497,0.0
30189,0,0.6073966026306152,-0.0011273212730884552,0.0
30190,0,0.5854150652885437,-0.0006398421828635037,0.0
30191,0,0.5928237438201904,-0.001512013259343803,0.0
30192,0,0.4985295236110687,0.0004401231708470732,0.0
30193,0,0.36240968108177185,0.0016126787522807717,0.0
30194,0,0.0,0.007628838997334242,1.0
30195,0,0.0,0.008524134755134583,1.0
30196,0,0.17902392148971558,0.005536607000976801,0.0
30197,0,0.24281400442123413,0.00475353142246604,0.0
30198,0,0.3896748721599579,0.0036176794674247503,0.0
30199,0,0.48992687463760376,0.004884343594312668,0.0
30200,0,0.5598177313804626,0.0023710220120847225,0.0
30201,0,0.5343727469444275,0.0029645070899277925,0.0
30202,0,0.5571991205215454,0.0026926484424620867,0.0
30203,0,0.5544680953025818,0.0021058241836726665,0.0
30204,0,0.5749843120574951,0.0018978221341967583,0.0
30205,0,0.6301345229148865,0.00038742824108339846,0.0
30206,0,0.6091160178184509,-0.0002509112819097936,0.0
30207,0,0.5705448985099792,0.00010155779455089942,0.0
30208,0,0.4126043915748596,-0.0005364757962524891,0.0
30209,0,0.33485379815101624,-0.00031700331601314247,0.0
30210,0,0.41794535517692566,-0.0012429890921339393,0.0
30211,0,0.25864627957344055,-0.0028112062718719244,0.0
30212,0,0.222145214676857,-0.002906892914324999,0.0
30213,0,0.3212609589099884,-0.0022764878813177347,0.0
30214,0,0.3579238951206207,-0.00286948774009943,0.0
30215,0,0.35479089617729187,-0.002456302521750331,0.0
30216,0,0.3174029588699341,-0.002719169482588768,0.0
30217,0,0.3718469738960266,-0.002995655406266451,0.0
30218,0,0.37542349100112915,-0.0034499014727771282,0.0
30219,0,0.3012392818927765,-0.0037575389724224806,0.0
30220,0,0.23435890674591064,-0.0030581247992813587,0.0
30221,0,0.18982769548892975,-0.0026109451428055763,0.0
30222,0,0.2506200075149536,-0.0024037158582359552,0.0
30223,0,0.15635177493095398,-0.002026074565947056,0.0
30224,0,0.2124425321817398,-0.0033170117530971766,0.0
30225,0,0.23757405579090118,-0.002145316917449236,0.0
30226,0,0.1581801027059555,-0.0012155090225860476,0.0
30227,0,0.10033734887838364,-0.000686537881847471,0.0
30228,0,0.10202530026435852,-0.0003642383380793035,0.0
30229,0,0.09686528146266937,0.00014903899864293635,0.0
30230,0,0.15995870530605316,0.0008345494861714542,0.0
30231,0,0.27981671690940857,0.00039751699659973383,0.0
30232,0,0.3065108358860016,0.0007031409186311066,0.0
30233,0,0.3046283423900604,0.0015022018924355507,0.0
30234,0,0.3267560601234436,0.0009897527052089572,0.0
30235,0,0.3405669927597046,0.000537402112968266,0.0
30236,0,0.38646942377090454,0.0009481440647505224,0.0
30237,0,0.40112438797950745,0.0002290005941176787,0.0
30238,0,0.3167985677719116,-0.00023367643007077277,0.0
30239,0,0.2932761311531067,9.192153811454773e-05,0.0
30240,0,0.27219849824905396,-0.00029384755180217326,0.0
30241,0,0.279592901468277,-0.001455474877730012,0.0
30242,0,0.2450145035982132,-0.0007090504514053464,0.0
30243,0,0.32552477717399597,-0.0006898604915477335,0.0
30244,0,0.28329652547836304,-0.001555776223540306,0.0
30245,0,0.2276628017425537,-0.0012286357814446092,0.0
30246,0,0.24036017060279846,-0.0024228019174188375,0.0
30247,0,0.1991761177778244,-0.002809508703649044,0.0
30248,0,0.3721933960914612,-0.0010044575901702046,0.0
30249,0,0.4339137673377991,-0.0004983761464245617,0.0
30250,0,0.5094174146652222,-0.0017410123255103827,0.0
30251,0,0.48862937092781067,-0.0016324963653460145,0.0
30252,0,0.5010154247283936,-0.0013116879854351282,0.0
30253,0,0.5376391410827637,-0.0010965242981910706,0.0
30254,0,0.5245996713638306,-0.0012525386409834027,0.0
30255,0,0.5198778510093689,6.870316428830847e-05,0.0
30256,0,0.4068188965320587,0.000591019110288471,0.0
30257,0,0.48452264070510864,0.00030315652838908136,0.0
30258,0,0.4473223388195038,0.0010069776326417923,0.0
30259,0,0.36371752619743347,1.9409101241762983e-06,0.0
30260,0,0.1977846771478653,0.0010788767831400037,0.0
30261,0,0.09286333620548248,0.00024212735297624022,0.0
30262,0,0.10458538681268692,-5.3484651289181784e-05,0.0
30263,0,0.16922292113304138,0.00033095397520810366,0.0
30264,0,0.2496541440486908,0.0004492215521167964,0.0
30265,0,0.4153745770454407,0.0005851209862157702,0.0
30266,0,0.46124497056007385,0.0005817855708301067,0.0
30267,0,0.4842221736907959,0.001084423391148448,0.0
30268,0,0.5907860994338989,0.0008983406005427241,0.0
30269,0,0.6071170568466187,0.0011195590486750007,0.0
30270,0,0.6305529475212097,0.001121477223932743,0.0
30271,0,0.42768898606300354,0.004458003211766481,0.0
30272,0,0.4171179234981537,0.004504908341914415,0.0
30273,0,0.4456288516521454,0.0040069022215902805,0.0
30274,0,0.4840866029262543,0.003234339412301779,0.0
30275,0,0.47210535407066345,0.002818291075527668,0.0
30276,0,0.5660834908485413,0.00254845735616982,0.0
30277,0,0.5576995611190796,0.002409148495644331,0.0
30278,0,0.5731338262557983,0.0012861487921327353,0.0
30279,0,0.6048586964607239,0.001141528133302927,0.0
30280,0,0.6360561847686768,0.0004389193491078913,0.0
30281,0,0.6516810655593872,0.001256666611880064,0.0
30282,0,0.6872444152832031,0.0020869371946901083,0.0
30283,0,0.6635153889656067,0.0024673447478562593,0.0
30284,0,0.6513840556144714,0.0015393424546346068,0.0
30285,0,0.6759619116783142,0.001197020523250103,0.0
30286,0,0.6091622114181519,0.0019071808783337474,0.0
30287,0,0.5610291361808777,0.0021869910415261984,0.0
30288,0,0.5188227295875549,0.0026449011638760567,0.0
30289,0,0.50408536195755,0.0027230000123381615,0.0
30290,0,0.3841556906700134,0.002320744562894106,0.0
30291,0,0.4335872530937195,0.00091036461526528,0.0
30292,0,0.16853268444538116,0.0005135847022756934,0.0
30293,0,0.0,-0.0006644137902185321,1.0
30294,0,0.0,-0.002704017795622349,1.0
30295,0,0.0,-0.008613512851297855,1.0
30296,0,0.0,-0.01283407211303711,1.0
30297,0,0.0,-0.0061279418878257275,1.0
30298,0,0.0,-0.006947193294763565,1.0
30299,0,0.0,-0.005450505297631025,1.0
30300,0,0.0,-0.00812552310526371,1.0
30301,0,0.0,-0.00690868915989995,1.0
30302,0,0.0,-0.0038217157125473022,1.0
30303,0,0.13563044369220734,-0.0023224735632538795,0.0
30304,0,0.0,-0.003815616946667433,1.0
30305,0,0.0,-0.006850147619843483,1.0
30306,0,0.0,-6.182744255056605e-05,1.0
30307,0,0.12145848572254181,0.0017540637636557221,0.0
30308,0,0.36886462569236755,0.0006355405785143375,0.0
30309,0,0.08573435992002487,-0.00028472355916164815,0.0
30310,0,0.8999999761581421,0.001003394601866603,0.0
30311,0,0.8999999761581421,0.0004201747360639274,0.0
30312,0,0.6239271759986877,-0.003081209259107709,0.0
30313,0,0.8879253268241882,-0.001192741678096354,0.0
30314,0,0.5765543580055237,-0.0015889282803982496,0.0
30315,0,0.5461713075637817,-0.001135931583121419,0.0
30316,0,0.7878775000572205,-0.0012558498419821262,0.0
30317,0,0.8999999761581421,-0.0019237198866903782,0.0
30318,0,0.8114334940910339,-0.00535061489790678,0.0
30319,0,0.7321566939353943,-0.0026074943598359823,0.0
30320,0,0.7342045307159424,-0.00110331317409873,0.0
30321,0,0.8999999761581421,0.0007663030992262065,0.0
30322,0,0.6296844482421875,0.0036524166353046894,0.0
30323,0,0.0,0.006266588810831308,1.0
30324,0,0.0,0.001724840491078794,1.0
30325,0,0.0,0.006266728509217501,1.0
30326,0,0.0,5.933584179729223e-05,1.0
30327,0,0.0,-0.009180528111755848,1.0
30328,0,0.0,-0.006265432108193636,1.0
30329,0,0.0,0.004103176295757294,1.0
30330,0,0.0,0.008066113106906414,1.0
30331,0,0.0,0.0029161449056118727,1.0
30332,0,0.0,0.0019651337061077356,1.0
30333,0,0.0,-0.010175169445574284,1.0
30334,0,0.0,-0.007055884227156639,1.0
30335,0,0.0,-0.0032976195216178894,1.0
30336,0,0.11310755461454391,0.0037979665212333202,0.0
30337,0,0.11310755461454391,0.006729914806783199,0.0
30338,0,0.3076842129230499,0.012087847106158733,0.0
30339,0,0.09463780373334885,-0.010285837575793266,0.0
30340,0,0.0,-0.03554890677332878,1.0
30341,0,0.0,-0.01836482249200344,1.0
30342,0,0.0,-0.01923506334424019,1.0
30343,0,0.1152551993727684,-0.02235173061490059,0.0
30344,0,0.21896961331367493,-0.03510823845863342,0.0
30345,0,0.44363921880722046,-0.03210793063044548,0.0
30346,0,0.6250878572463989,-0.03478224575519562,0.0
30347,0,0.8999999761581421,-0.016364961862564087,0.0
30348,0,0.8999999761581421,-0.01222351286560297,0.0
30349,0,0.8999999761581421,-0.009738331660628319,0.0
30350,0,0.8999999761581421,0.0015250545693561435,0.0
30351,0,0.8999999761581421,0.00600501848384738,0.0
30352,0,0.8999999761581421,-1.2284382137295324e-05,0.0
30353,0,0.8999999761581421,-0.0005021042888984084,0.0
30354,0,0.8999999761581421,0.002176651731133461,0.0
30355,0,0.8999999761581421,0.003948734607547522,0.0
30356,0,0.8999999761581421,0.005818010773509741,0.0
30357,0,0.8999999761581421,0.007001759018748999,0.0
30358,0,0.8999999761581421,0.007002152036875486,0.0
30359,0,0.8999999761581421,0.007369872182607651,0.0
30360,0,0.8999999761581421,0.007438908331096172,0.0
30361,0,0.8999999761581421,0.007167084142565727,0.0
30362,0,0.8999999761581421,0.0073426696471869946,0.0
30363,0,0.8999999761581421,0.007324347738176584,0.0
30364,0,0.8999999761581421,0.007438225205987692,0.0
30365,0,0.8999999761581421,0.007092224899679422,0.0
30366,0,0.8999999761581421,0.007694908417761326,0.0
30367,0,0.8999999761581421,0.007308118976652622,0.0
30368,0,0.8999999761581421,0.007630085572600365,0.0
30369,0,0.8999999761581421,0.00795858446508646,0.0
30370,0,0.8999999761581421,0.0070933080278337,0.0
30371,0,0.8999999761581421,0.007399801164865494,0.0
30372,0,0.8999999761581421,0.00722005357965827,0.0
30373,0,0.8999999761581421,0.008245633915066719,0.0
30374,0,0.8999999761581421,0.005804559215903282,0.0
30375,0,0.8999999761581421,0.007431965786963701,0.0
30376,0,0.8999999761581421,0.008728287182748318,0.0
30377,0,0.8999999761581421,0.008308148011565208,0.0
30378,0,0.8999999761581421,0.009669460356235504,0.0
30379,0,0.8999999761581421,0.0088258171454072,0.0
30380,0,0.8999999761581421,0.010495347902178764,0.0
30381,0,0.8999999761581421,0.009784746915102005,0.0
30382,0,0.8999999761581421,0.008724086917936802,0.0
30383,0,0.8999999761581421,0.008262083865702152,0.0
30384,0,0.8999999761581421,0.009762155823409557,0.0
30385,0,0.8999999761581421,0.010930136777460575,0.0
30386,0,0.8999999761581421,0.01173384115099907,0.0
30387,0,0.8999999761581421,0.010806949809193611,0.0
30388,0,0.8999999761581421,0.012134278193116188,0.0
30389,0,0.8999999761581421,0.010977165773510933,0.0
30390,0,0.8999999761581421,0.0107620470225811,0.0
30391,0,0.8999999761581421,0.011302798986434937,0.0
30392,0,0.8999999761581421,0.012243441306054592,0.0
30393,0,0.8999999761581421,0.009930881671607494,0.0
30394,0,0.8999999761581421,0.007246275898069143,0.0
30395,0,0.8999999761581421,0.007255465257912874,0.0
30396,0,0.8999999761581421,0.006191172171384096,0.0
30397,0,0.8999999761581421,0.006441145669668913,0.0
30398,0,0.8999999761581421,0.005068387370556593,0.0
30399,0,0.8999999761581421,0.005452707875519991,0.0
30400,0,0.8999999761581421,0.0054776351898908615,0.0
30401,0,0.8999999761581421,0.005800330545753241,0.0
30402,0,0.8999999761581421,0.0054800244979560375,0.0
30403,0,0.8999999761581421,0.005518220830708742,0.0
30404,0,0.8999999761581421,0.0059101455844938755,0.0
30405,0,0.8999999761581421,0.005622544791549444,0.0
30406,0,0.8999999761581421,0.00569678470492363,0.0
30407,0,0.8999999761581421,0.005590593907982111,0.0
30408,0,0.8999999761581421,0.005294431000947952,0.0
30409,0,0.8999999761581421,0.005931359250098467,0.0
30410,0,0.8999999761581421,0.005892294459044933,0.0
30411,0,0.8999999761581421,0.0060755000449717045,0.0
30412,0,0.8999999761581421,0.0036182955373078585,0.0
30413,0,0.8999999761581421,0.0032855828758329153,0.0
30414,0,0.8999999761581421,0.0028777678962796926,0.0
30415,0,0.8999999761581421,0.0025040809996426105,0.0
30416,0,0.8999999761581421,0.0022450617980211973,0.0
30417,0,0.8999999761581421,0.0009645023965276778,0.0
30418,0,0.8999999761581421,0.000703382829669863,0.0
30419,0,0.8999999761581421,0.0010980780934914947,0.0
30420,0,0.8999999761581421,0.0005172715755179524,0.0
30421,0,0.8999999761581421,0.0010058791376650333,0.0
30422,0,0.8999999761581421,-0.0005387112614698708,0.0
30423,0,0.8999999761581421,-0.0003800445410888642,0.0
30424,0,0.8999999761581421,-0.0009652608423493803,0.0
30425,0,0.8999999761581421,-0.0014629354700446129,0.0
30426,0,0.8999999761581421,-0.0022045488003641367,0.0
30427,0,0.8999999761581421,-0.00236553349532187,0.0
30428,0,0.8999999761581421,-0.0016803659964352846,0.0
30429,0,0.8999999761581421,-0.002154243178665638,0.0
30430,0,0.8999999761581421,-0.003272258210927248,0.0
30431,0,0.8999999761581421,-0.0024224561639130116,0.0
30432,0,0.8999999761581421,-0.0037245703861117363,0.0
30433,0,0.8999999761581421,-0.004233458079397678,0.0
30434,0,0.8999999761581421,-0.0054960669949650764,0.0
30435,0,0.8999999761581421,-0.006305317394435406,0.0
30436,0,0.8999999761581421,-0.004539636895060539,0.0
30437,0,0.8999999761581421,-0.003675084328278899,0.0
30438,0,0.8999999761581421,-0.0020281763281673193,0.0
30439,0,0.8999999761581421,-0.0022669597528874874,0.0
30440,0,0.8999999761581421,-0.0031561721116304398,0.0
30441,0,0.8999999761581421,-0.0025055480655282736,0.0
30442,0,0.8999999761581421,-0.0028074239380657673,0.0
30443,0,0.8999999761581421,-0.0035916264168918133,0.0
30444,0,0.8999999761581421,-0.0023443158715963364,0.0
30445,0,0.8999999761581421,-0.0025530336424708366,0.0
30446,0,0.8999999761581421,-0.0022514453157782555,0.0
30447,0,0.8999999761581421,-0.0021011994685977697,0.0
30448,0,0.8999999761581421,-0.001416051876731217,0.0
30449,0,0.8999999761581421,-0.0004916982143186033,0.0
30450,0,0.8999999761581421,0.0019135415786877275,0.0
30451,0,0.8999999761581421,0.0022572423331439495,0.0
30452,0,0.8999999761581421,0.002114377450197935,0.0
30453,0,0.8999999761581421,0.0018903957679867744,0.0
30454,0,0.8999999761581421,0.0018940099980682135,0.0
30455,0,0.8361724615097046,0.002666147192940116,0.0
30456,0,0.8531001210212708,0.002105115447193384,0.0
30457,0,0.8588001132011414,0.0012920568697154522,0.0
30458,0,0.8113587498664856,0.0009815708035603166,0.0
30459,0,0.7840431332588196,0.0005507878959178925,0.0
30460,0,0.7816897630691528,-0.00046797184040769935,0.0
30461,0,0.7494163513183594,0.00027290303842164576,0.0
30462,0,0.6955227255821228,-2.9984532375237904e-05,0.0
30463,0,0.5900707840919495,-0.0017618999117985368,0.0
30464,0,0.6138579249382019,-0.0025636644568294287,0.0
30465,0,0.5459849834442139,-0.00446834834292531,0.0
30466,0,0.5066244602203369,-0.005965434480458498,0.0
30467,0,0.5308471322059631,-0.006909703835844994,0.0
30468,0,0.5361983180046082,-0.00794267002493143,0.0
30469,0,0.5339622497558594,-0.008487669751048088,0.0
30470,0,0.48753026127815247,-0.007185176946222782,0.0
30471,0,0.45564696192741394,-0.006107562221586704,0.0
30472,0,0.45242437720298767,-0.007437939289957285,0.0
30473,0,0.3772467374801636,-0.006664494518190622,0.0
30474,0,0.35185515880584717,-0.007260574959218502,0.0
30475,0,0.32214295864105225,-0.006887003313750029,0.0
30476,0,0.2520686388015747,-0.003410432953387499,0.0
30477,0,0.220308318734169,-0.003599148243665695,0.0
30478,0,0.21350862085819244,-0.002787351841107011,0.0
30479,0,0.22168579697608948,-0.00332599482499063,0.0
30480,0,0.2816562056541443,-0.003274207701906562,0.0
30481,0,0.2508419156074524,9.925116501108278e-06,0.0
30482,0,0.16458573937416077,0.0009997561573982239,0.0
30483,0,0.14607448875904083,0.001178819453343749,0.0
30484,0,0.21162356436252594,0.0014632570091634989,0.0
30485,0,0.22843338549137115,0.0018279777141287923,0.0
30486,0,0.20998916029930115,0.0016620653914287686,0.0
30487,0,0.10448383539915085,0.002308867173269391,0.0
30488,0,0.10707878321409225,0.0009225764079019427,0.0
30489,0,0.0,0.00013869552640244365,1.0
30490,0,0.0,-0.0012014886597171426,1.0
30491,0,0.0,-0.0018465231405571103,1.0
30492,0,0.0,-0.0022707718890160322,1.0
30493,0,0.0,-0.00405298313125968,1.0
30494,0,0.0,-0.004306498449295759,1.0
30495,0,0.0,-0.006741577293723822,1.0
30496,0,0.0,-0.00593783613294363,1.0
30497,0,0.0,-0.00668689189478755,1.0
30498,0,0.0,-0.007941738702356815,1.0
30499,0,0.04831857979297638,-0.009631780907511711,0.0
30500,0,0.201253741979599,-0.009856689721345901,0.0
30501,0,0.5083670616149902,-0.008612562902271748,0.0
30502,0,0.5874461531639099,-0.007235116790980101,0.0
30503,0,0.7339329719543457,-0.005799984559416771,0.0
30504,0,0.6050812005996704,-0.0063507226295769215,0.0
30505,0,0.7028436064720154,-0.006178544834256172,0.0
30506,0,0.6926203370094299,-0.00733155757188797,0.0
30507,0,0.6927601099014282,-0.007098066154867411,0.0
30508,0,0.783261239528656,-0.0058446782641112804,0.0
30509,0,0.7621132731437683,-0.0058746798895299435,0.0
30510,0,0.6928011775016785,-0.005801272578537464,0.0
30511,0,0.7255650162696838,-0.004143531434237957,0.0
30512,0,0.5835735201835632,-0.003908396232873201,0.0
30513,0,0.6172366738319397,-0.001988030504435301,0.0
30514,0,0.7132286429405212,-0.0008871547761373222,0.0
30515,0,0.7691292762756348,0.0018157445592805743,0.0
30516,0,0.5883885025978088,0.00217365357093513,0.0
30517,0,0.7077169418334961,0.0024153399281203747,0.0
30518,0,0.6835965514183044,0.002290878212079406,0.0
30519,0,0.8636013865470886,0.0019443556666374207,0.0
30520,0,0.8141192197799683,0.002371549839153886,0.0
30521,0,0.8710882067680359,0.0016979280626401305,0.0
30522,0,0.8735949397087097,0.0015503689646720886,0.0
30523,0,0.8999999761581421,0.0016119047068059444,0.0
30524,0,0.8999999761581421,0.0018391194753348827,0.0
30525,0,0.8999999761581421,0.002315565012395382,0.0
30526,0,0.8999999761581421,0.002753328997641802,0.0
30527,0,0.8999999761581421,0.0025570278521627188,0.0
30528,0,0.8999999761581421,0.0019310794305056334,0.0
30529,0,0.8999999761581421,0.0021928693167865276,0.0
30530,0,0.8141782283782959,0.0024383519776165485,0.0
30531,0,0.7037903070449829,0.0035509085282683372,0.0
30532,0,0.7810543775558472,0.004562547896057367,0.0
30533,0,0.8821336030960083,0.004114379175007343,0.0
30534,0,0.7493168711662292,0.003986193798482418,0.0
30535,0,0.8340432047843933,0.0027997272554785013,0.0
30536,0,0.7223911881446838,0.0031296538654714823,0.0
30537,0,0.8488175272941589,0.002405409002676606,0.0
30538,0,0.8754976391792297,0.0016833314439281821,0.0
30539,0,0.8453656435012817,0.0028632779140025377,0.0
30540,0,0.8662280440330505,0.0033064233139157295,0.0
30541,0,0.8999999761581421,0.0028265314176678658,0.0
30542,0,0.8999999761581421,0.0025924581568688154,0.0
30543,0,0.8103615045547485,0.003595922375097871,0.0
30544,0,0.7549561262130737,0.0034309106413275003,0.0
30545,0,0.8419687747955322,0.004492938052862883,0.0
30546,0,0.8509116768836975,0.005574322305619717,0.0
30547,0,0.824523389339447,0.005737405735999346,0.0
30548,0,0.7919487357139587,0.005847867112606764,0.0
30549,0,0.8224695324897766,0.006551782134920359,0.0
30550,0,0.668856680393219,0.006488111801445484,0.0
30551,0,0.6747535467147827,0.004804874304682016,0.0
30552,0,0.5078794956207275,0.004602993838489056,0.0
30553,0,0.45922228693962097,0.0030391851905733347,0.0
30554,0,0.5435492992401123,0.009685717523097992,0.0
30555,0,0.5653169751167297,0.009305504150688648,0.0
30556,0,0.6974305510520935,0.008555497974157333,0.0
30557,0,0.6811838746070862,0.0077308607287704945,0.0
30558,0,0.6702499985694885,0.007330440916121006,0.0
30559,0,0.658883273601532,0.007325413636863232,0.0
30560,0,0.6986029744148254,0.0074826800264418125,0.0
30561,0,0.6503183841705322,0.007151950616389513,0.0
30562,0,0.6039630770683289,0.008228401653468609,0.0
30563,0,0.5625004172325134,0.009008649736642838,0.0
30564,0,0.5141515731811523,0.008601938374340534,0.0
30565,0,0.49122849106788635,0.008132348768413067,0.0
30566,0,0.522105872631073,0.008016625419259071,0.0
30567,0,0.5561181902885437,0.007292184513062239,0.0
30568,0,0.5404475331306458,0.007575159426778555,0.0
30569,0,0.5417032241821289,0.008052531629800797,0.0
30570,0,0.5564408898353577,0.009398223832249641,0.0
30571,0,0.5305137634277344,0.008936330676078796,0.0
30572,0,0.5562172532081604,0.008001690730452538,0.0
30573,0,0.5410193204879761,0.008793643675744534,0.0
30574,0,0.5312023758888245,0.008368118666112423,0.0
30575,0,0.5007094740867615,0.007714098319411278,0.0
30576,0,0.5010278820991516,0.008156427182257175,0.0
30577,0,0.4742409884929657,0.007761355955153704,0.0
30578,0,0.4636722207069397,0.007818581536412239,0.0
30579,0,0.46480658650398254,0.00823613815009594,0.0
30580,0,0.4214363694190979,0.009234899654984474,0.0
30581,0,0.3787882626056671,0.009385775774717331,0.0
30582,0,0.3769569993019104,0.008312905207276344,0.0
30583,0,0.35638871788978577,0.007169158663600683,0.0
30584,0,0.14040011167526245,0.00760420598089695,0.0
30585,0,0.18439647555351257,0.007301486562937498,0.0
30586,0,0.1530778408050537,0.0075328960083425045,0.0
30587,0,0.1431940793991089,0.006958726327866316,0.0
30588,0,0.1377107799053192,0.006394369062036276,0.0
30589,0,0.1803700029850006,0.005573054309934378,0.0
30590,0,0.35516515374183655,0.004857378546148539,0.0
30591,0,0.32355251908302307,0.005472622346132994,0.0
30592,0,0.40513813495635986,0.005106351803988218,0.0
30593,0,0.39679819345474243,0.0046173883602023125,0.0
30594,0,0.3643838167190552,0.003752971300855279,0.0
30595,0,0.3918645977973938,0.0020913940388709307,0.0
30596,0,0.39009591937065125,0.001894805463962257,0.0
30597,0,0.376046359539032,0.001460664439946413,0.0
30598,0,0.407646507024765,0.0016733052907511592,0.0
30599,0,0.38188380002975464,0.0017809988930821419,0.0
30600,0,0.3568657338619232,0.0013027646346017718,0.0
30601,0,0.31338751316070557,0.0009641936048865318,0.0
30602,0,0.30811843276023865,0.0016162447864189744,0.0
30603,0,0.3003607988357544,0.0014648280339315534,0.0
30604,0,0.27597832679748535,0.0015615036245435476,0.0
30605,0,0.2338295578956604,0.001683936221525073,0.0
30606,0,0.28886666893959045,0.0003846207691822201,0.0
30607,0,0.2836138606071472,0.00039816444041207433,0.0
30608,0,0.26741042733192444,0.0016089933924376965,0.0
30609,0,0.2677576541900635,0.0019479428883641958,0.0
30610,0,0.24855369329452515,0.0013511793222278357,0.0
30611,0,0.24412095546722412,0.002096801297739148,0.0
30612,0,0.19012875854969025,0.002269680378958583,0.0
30613,0,0.08285345882177353,0.0014432687312364578,0.0
30614,0,0.08767570555210114,0.0013206753646954894,0.0
30615,0,0.08415812999010086,0.00013487489195540547,0.0
30616,0,0.14763598144054413,0.0006503990734927356,0.0
30617,0,0.20488524436950684,0.0007462522480636835,0.0
30618,0,0.2102978378534317,0.0011459108209237456,0.0
30619,0,0.21405501663684845,0.0007146512507461011,0.0
30620,0,0.19625288248062134,0.0007557391072623432,0.0
30621,0,0.2375057190656662,-0.0001976614148588851,0.0
30622,0,0.18828484416007996,0.00046478299191221595,0.0
30623,0,0.2460521161556244,4.1954433982027695e-05,0.0
30624,0,0.25225937366485596,-0.0010203918209299445,0.0
30625,0,0.25900736451148987,-0.0015876560937613249,0.0
30626,0,0.42235448956489563,-0.0017465163255110383,0.0
30627,0,0.4310356080532074,-0.0011123731965199113,0.0
30628,0,0.43861761689186096,-0.0008911219774745405,0.0
30629,0,0.4939816892147064,-0.0007108249119482934,0.0
30630,0,0.48508578538894653,-0.0025957266334444284,0.0
30631,0,0.5131157636642456,-0.002460357965901494,0.0
30632,0,0.45796892046928406,-0.001969075296074152,0.0
30633,0,0.47930994629859924,-0.0015290473820641637,0.0
30634,0,0.4431966245174408,-0.0010050609707832336,0.0
30635,0,0.4142702519893646,-0.0019134433241561055,0.0
30636,0,0.37798482179641724,-0.002379242330789566,0.0
30637,0,0.4180668592453003,-0.001361593953333795,0.0
30638,0,0.4827558696269989,-0.0022902193013578653,0.0
30639,0,0.5098902583122253,-0.002322171814739704,0.0
30640,0,0.4984128177165985,-0.001760218059644103,0.0
30641,0,0.46768084168434143,-0.0008159002754837275,0.0
30642,0,0.41135019063949585,-0.0010193587513640523,0.0
30643,0,0.31054627895355225,0.0010140056256204844,0.0
30644,0,0.3383704125881195,0.0006182900397107005,0.0
30645,0,0.36417922377586365,0.0006537885637953877,0.0
30646,0,0.35296541452407837,0.00021458746050484478,0.0
30647,0,0.3691328167915344,0.00031799369025975466,0.0
30648,0,0.24166680872440338,0.00016047386452555656,0.0
30649,0,0.301239013671875,-3.1529863917967305e-05,0.0
30650,0,0.42486491799354553,2.52887730312068e-05,0.0
30651,0,0.4420420825481415,0.00035629680496640503,0.0
30652,0,0.4433811604976654,0.0007711824146099389,0.0
30653,0,0.43265628814697266,0.000556133920326829,0.0
30654,0,0.3791722357273102,0.0008986038737930357,0.0
30655,0,0.2021571546792984,0.0012144858483225107,0.0
30656,0,0.1871482878923416,0.0006911226664669812,0.0
30657,0,0.17767061293125153,0.0005703577771782875,0.0
30658,0,0.2948519289493561,-0.001210535760037601,0.0
30659,0,0.34070563316345215,-0.00047917335177771747,0.0
30660,0,0.3789755702018738,-0.0001875626912806183,0.0
30661,0,0.1948051154613495,7.103112147888169e-05,0.0
30662,0,0.2967573404312134,-0.00016727134061511606,0.0
30663,0,0.4669424295425415,-0.0010095646139234304,0.0
30664,0,0.5113176703453064,-0.0022224353160709143,0.0
30665,0,0.521686851978302,-0.0023623646702617407,0.0
30666,0,0.3964928090572357,-0.0013130768202245235,0.0
30667,0,0.39258524775505066,-0.0016322046285495162,0.0
30668,0,0.31113094091415405,-0.001731094322167337,0.0
30669,0,0.4243603050708771,-0.0013801108580082655,0.0
30670,0,0.44021978974342346,-0.0015147281810641289,0.0
30671,0,0.5170376300811768,-0.001887356280349195,0.0
30672,0,0.5735797882080078,-0.0008916100487112999,0.0
30673,0,0.5711382031440735,-0.0005881604156456888,0.0
30674,0,0.5179306268692017,0.0002955422969534993,0.0
30675,0,0.4978582561016083,0.0002016656071646139,0.0
30676,0,0.45277971029281616,0.000631478033028543,0.0
30677,0,0.42803871631622314,-0.00033992002136074007,0.0
30678,0,0.41335558891296387,0.00020942071569152176,0.0
30679,0,0.49008890986442566,0.0013759316643700004,0.0
30680,0,0.40165236592292786,0.0014217309653759003,0.0
30681,0,0.33463531732559204,0.0019122821977362037,0.0
30682,0,0.3629256784915924,0.0015486045740544796,0.0
30683,0,0.417935311794281,0.0014852972235530615,0.0
30684,0,0.42497411370277405,0.0014060954563319683,0.0
30685,0,0.39857131242752075,0.0013178152730688453,0.0
30686,0,0.43797820806503296,0.00104313634801656,0.0
30687,0,0.36047279834747314,0.0015088556101545691,0.0
30688,0,0.34992796182632446,0.0013766430784016848,0.0
30689,0,0.18328578770160675,0.0017360803904011846,0.0
30690,0,0.12039875239133835,0.001102093723602593,0.0
30691,0,0.17934072017669678,-0.00018041660950984806,0.0
30692,0,0.24694526195526123,-0.000446162186563015,0.0
30693,0,0.3015466332435608,-0.0009849545313045382,0.0
30694,0,0.396930456161499,-0.0010306627955287695,0.0
30695,0,0.299826443195343,-0.0015362148405984044,0.0
30696,0,0.20886805653572083,-0.00216721766628325,0.0
30697,0,0.2794789969921112,-0.0021274189930409193,0.0
30698,0,0.2650139331817627,-0.0021533395629376173,0.0
30699,0,0.3668663799762726,-0.0017387584084644914,0.0
30700,0,0.3799076974391937,-0.0023208213970065117,0.0
30701,0,0.34288254380226135,-0.0017621745355427265,0.0
30702,0,0.3997489809989929,-0.0023191950749605894,0.0
